,date,shop_id,item_id,item_price,item_cnt_day
2553777,23.04.2015,29,1856,1199.0,1.0
2553874,23.04.2015,29,2969,28.0,1.0
2553945,23.04.2015,28,21597,199.0,1.0
2553949,23.04.2015,28,21364,399.0,1.0
2553985,23.04.2015,28,21365,999.0,1.0
2554077,23.04.2015,28,22076,28.0,2.0
2554188,23.04.2015,29,10476,479.0,1.0
2554218,23.04.2015,29,8569,399.0,1.0
2554281,23.04.2015,29,4894,3999.0,3.0
2554304,23.04.2015,29,4138,899.0,2.0
2554431,23.04.2015,28,20949,5.0,9.0
2554454,23.04.2015,28,16721,449.0,1.0
2554473,23.04.2015,28,16450,149.0,1.0
2554527,23.04.2015,28,17387,449.0,1.0
2554741,23.04.2015,28,16056,799.0,1.0
2554783,23.04.2015,28,20225,479.0,2.0
2554808,23.04.2015,28,20405,2399.0,1.0
2554825,23.04.2015,28,20070,198.0,1.0
2554843,23.04.2015,28,19221,199.0,1.0
2554926,23.04.2015,28,20606,1099.0,1.0
2554938,23.04.2015,28,20654,1899.0,1.0
2555092,23.04.2015,28,19291,999.0,1.0
2555110,23.04.2015,28,18571,999.0,1.0
2555125,23.04.2015,28,19340,499.0,1.0
2555126,23.04.2015,28,19339,349.0,1.0
2555223,23.04.2015,31,3076,1199.0,1.0
2555245,23.04.2015,31,3221,489.0,1.0
2555270,23.04.2015,31,2958,999.0,1.0
2555273,23.04.2015,31,2969,27.701999999999998,5.0
2555312,23.04.2015,31,2070,58.0,1.0
2555432,23.04.2015,31,2703,349.0,1.0
2555469,23.04.2015,31,2210,499.0,1.0
2555480,23.04.2015,31,2182,299.0,1.0
2555553,23.04.2015,31,4225,148.0,1.0
2555560,23.04.2015,31,4186,1990.0,1.0
2555629,23.04.2015,31,4351,399.0,1.0
2555701,23.04.2015,31,3341,2599.0,1.0
2555720,23.04.2015,31,3236,2398.0,1.0
2555741,23.04.2015,31,3462,3499.0,1.0
2555746,23.04.2015,31,3686,1199.0,1.0
2555776,23.04.2015,31,3971,299.0,1.0
2555890,23.04.2015,29,16169,299.0,1.0
2555907,23.04.2015,29,16784,571.0,1.0
2555944,23.04.2015,29,20609,1099.0,1.0
2555975,23.04.2015,29,18370,199.0,1.0
2556000,23.04.2015,29,18688,199.0,1.0
2556109,23.04.2015,29,15045,699.0,1.0
2556129,23.04.2015,29,15450,999.0,1.0
2556141,23.04.2015,29,14423,599.0,1.0
2556179,23.04.2015,29,14101,449.0,1.0
2556240,23.04.2015,31,1063,599.0,1.0
2556241,23.04.2015,31,1035,299.0,1.0
2556266,23.04.2015,31,1178,1750.0,1.0
2556267,23.04.2015,31,1176,1100.0,1.0
2556295,23.04.2015,31,1905,249.0,1.0
2556317,23.04.2015,31,1556,2999.0,1.0
2556398,23.04.2015,29,21881,299.0,1.0
2556400,23.04.2015,29,21875,299.0,1.0
2556450,23.04.2015,31,534,799.0,1.0
2556456,23.04.2015,31,482,3300.0,1.0
2556487,23.04.2015,31,839,3300.0,1.0
2556500,23.04.2015,31,70,349.0,1.0
2556505,23.04.2015,31,64,99.0,1.0
2556511,23.04.2015,31,67,99.0,1.0
2556514,23.04.2015,31,113,249.0,1.0
2556529,23.04.2015,31,153,399.0,1.0
2556561,23.04.2015,28,1556,2999.0,1.0
2556590,23.04.2015,28,972,349.0,1.0
2556686,23.04.2015,28,1535,1999.0,1.0
2556759,23.04.2015,27,20866,699.0,1.0
2556772,23.04.2015,27,20617,1999.0,1.0
2556778,23.04.2015,27,20949,5.0,4.0
2556822,23.04.2015,28,787,420.0,1.0
2556865,23.04.2015,27,22076,28.0,1.0
2556942,23.04.2015,28,2969,28.0,3.0
2557017,23.04.2015,28,3731,1971.0,3.0
2557023,23.04.2015,28,3485,1199.0,1.0
2557142,23.04.2015,28,2308,199.0,1.0
2557194,23.04.2015,28,2809,1499.0,1.0
2557199,23.04.2015,28,2799,499.0,1.0
2557214,23.04.2015,28,2813,1471.0,1.0
2557294,23.04.2015,27,16146,1499.0,1.0
2557367,23.04.2015,27,17660,2999.0,1.0
2557449,23.04.2015,27,15490,1149.0,1.0
2557494,23.04.2015,27,15217,999.0,1.0
2557640,23.04.2015,27,18570,399.0,1.0
2557669,23.04.2015,27,18572,629.0,1.0
2557777,23.04.2015,27,18030,299.0,1.0
2557808,23.04.2015,27,18040,299.0,2.0
2557897,23.04.2015,27,18047,299.0,1.0
2557930,23.04.2015,27,18048,299.0,1.0
2557973,23.04.2015,28,11252,449.0,1.0
2558079,23.04.2015,28,11610,399.0,1.0
2558116,23.04.2015,28,9407,349.0,1.0
2558142,23.04.2015,28,9532,399.0,1.0
2558149,23.04.2015,28,9422,449.0,1.0
2558177,23.04.2015,28,10216,149.0,1.0
2558319,23.04.2015,28,13976,399.0,1.0
2558388,23.04.2015,28,15162,2999.0,1.0
2558505,23.04.2015,28,13122,1499.0,1.0
2558542,23.04.2015,28,12081,399.0,1.0
2558565,23.04.2015,28,13592,1999.0,1.0
2558661,23.04.2015,28,5361,28.0,5.0
2558694,23.04.2015,28,4895,3999.0,2.0
2558753,23.04.2015,28,5660,1690.0,1.0
2558757,23.04.2015,28,5657,7490.0,1.0
2558759,23.04.2015,28,5643,2990.0,1.0
2558774,23.04.2015,28,5516,299.0,1.0
2558786,23.04.2015,28,5336,299.0,1.0
2558825,23.04.2015,28,4351,399.0,1.0
2558851,23.04.2015,28,4467,1399.0,1.0
2558856,23.04.2015,28,4397,1498.0,1.0
2558868,23.04.2015,28,4228,1199.0,1.0
2558910,23.04.2015,28,4872,1199.0,1.0
2558926,23.04.2015,28,4894,3999.0,1.0
2558939,23.04.2015,28,4892,871.0,2.0
2559000,23.04.2015,28,7790,771.0,1.0
2559211,23.04.2015,28,5672,3090.0,1.0
2559216,23.04.2015,28,5671,3490.0,1.0
2559268,23.04.2015,28,6308,299.0,1.0
2559324,23.04.2015,28,6507,1471.0,1.0
2559363,23.04.2015,31,19405,399.0,1.0
2559431,23.04.2015,31,19464,249.0,1.0
2559434,23.04.2015,31,19463,249.0,1.0
2559435,23.04.2015,31,19461,249.0,1.0
2559436,23.04.2015,31,19460,299.0,1.0
2559438,23.04.2015,31,19473,249.0,1.0
2559450,23.04.2015,31,19474,249.0,1.0
2559451,23.04.2015,31,19476,249.0,1.0
2559455,23.04.2015,31,19176,499.0,1.0
2559465,23.04.2015,31,19160,99.0,1.0
2559475,23.04.2015,31,19050,649.0,1.0
2559482,23.04.2015,31,19051,599.0,1.0
2559506,23.04.2015,31,19440,2999.0,1.0
2559511,23.04.2015,31,19436,771.0,1.0
2559538,23.04.2015,31,18357,299.0,1.0
2559600,23.04.2015,31,18222,299.0,1.0
2559619,23.04.2015,31,18513,249.0,1.0
2559629,23.04.2015,31,18572,699.0,1.0
2559634,23.04.2015,31,18571,949.0,2.0
2559641,23.04.2015,31,18570,399.0,1.0
2559685,23.04.2015,31,18477,249.0,1.0
2559701,23.04.2015,31,20271,169.0,1.0
2559704,23.04.2015,31,20269,169.0,1.0
2559706,23.04.2015,31,20268,169.0,1.0
2559719,23.04.2015,31,20949,5.0,12.0
2559734,23.04.2015,31,20262,169.0,1.0
2559771,23.04.2015,31,20739,499.0,1.0
2559797,23.04.2015,31,21364,399.0,2.0
2559820,23.04.2015,31,21367,699.0,1.0
2559879,23.04.2015,31,19814,169.0,1.0
2559884,23.04.2015,31,19985,377.76,1.0
2559907,23.04.2015,31,19836,99.0,1.0
2559919,23.04.2015,31,19927,299.0,1.0
2559958,23.04.2015,31,20386,3499.0,1.0
2559966,23.04.2015,31,20220,799.0,1.0
2559992,23.04.2015,31,20419,6999.0,1.0
2560035,23.04.2015,31,20093,399.0,1.0
2560042,23.04.2015,31,18183,199.0,1.0
2560100,23.04.2015,31,15684,399.0,1.0
2560115,23.04.2015,31,15780,199.0,1.0
2560160,23.04.2015,31,16630,349.0,1.0
2560189,23.04.2015,31,16454,169.0,1.0
2560253,23.04.2015,31,16117,659.0,1.0
2560312,23.04.2015,31,15585,149.0,1.0
2560332,23.04.2015,31,15680,399.0,1.0
2560351,23.04.2015,31,16146,1499.0,1.0
2560420,23.04.2015,31,18040,299.0,1.0
2560432,23.04.2015,31,18014,249.0,1.0
2560439,23.04.2015,31,17399,149.0,1.0
2560508,23.04.2015,31,18148,449.0,1.0
2560515,23.04.2015,31,18106,3799.0,1.0
2560519,23.04.2015,31,17982,99.0,1.0
2560521,23.04.2015,31,17980,99.0,1.0
2560522,23.04.2015,31,18126,149.0,1.0
2560526,23.04.2015,31,18042,299.0,1.0
2560574,23.04.2015,31,17596,349.0,1.0
2560696,23.04.2015,31,17717,1999.0,5.0
2560729,23.04.2015,31,17202,79.0,2.0
2560783,23.04.2015,35,5037,2599.0,1.0
2560785,23.04.2015,35,5361,28.0,1.0
2560810,23.04.2015,35,4892,971.0,1.0
2560820,23.04.2015,35,4894,3999.0,1.0
2560842,23.04.2015,35,6092,1199.0,1.0
2560848,23.04.2015,35,5672,3090.0,1.0
2560995,23.04.2015,35,2876,3499.0,1.0
2561002,23.04.2015,35,2868,999.0,1.0
2561090,23.04.2015,35,3731,1999.0,1.0
2561097,23.04.2015,35,12020,399.0,1.0
2561185,23.04.2015,35,13880,199.0,1.0
2561221,23.04.2015,35,13976,399.0,1.0
2561226,23.04.2015,35,13556,2499.0,1.0
2561266,23.04.2015,35,12604,629.0,1.0
2561372,23.04.2015,35,9054,199.0,1.0
2561386,23.04.2015,35,10453,404.0,1.0
2561395,23.04.2015,35,10094,449.0,1.0
2561482,23.04.2015,34,2293,971.0,1.0
2561532,23.04.2015,34,2969,28.0,2.0
2561554,23.04.2015,34,4808,399.0,1.0
2561564,23.04.2015,34,4837,398.0,1.0
2561610,23.04.2015,34,3731,1971.0,4.0
2561640,23.04.2015,31,21530,699.0,1.0
2561643,23.04.2015,31,21612,199.0,1.0
2561686,23.04.2015,31,21404,169.0,1.0
2561688,23.04.2015,31,21445,99.0,1.0
2561750,23.04.2015,31,22076,28.0,4.0
2561755,23.04.2015,31,21787,249.0,1.0
2561761,23.04.2015,31,21704,169.0,1.0
2561788,23.04.2015,31,21760,299.0,1.0
2562026,23.04.2015,34,5821,1099.0,1.0
2562028,23.04.2015,34,5361,28.0,3.0
2562042,23.04.2015,34,7215,1199.0,1.0
2562159,23.04.2015,31,8766,99.0,1.0
2562189,23.04.2015,31,8743,169.0,1.0
2562192,23.04.2015,31,8682,99.0,1.0
2562207,23.04.2015,31,9171,349.0,1.0
2562217,23.04.2015,31,9206,1799.0,1.0
2562220,23.04.2015,31,8731,149.0,1.0
2562224,23.04.2015,31,8715,49.0,1.0
2562230,23.04.2015,31,8686,199.0,1.0
2562252,23.04.2015,31,9358,599.0,1.0
2562260,23.04.2015,31,9451,399.0,1.0
2562303,23.04.2015,31,9355,349.0,3.0
2562339,23.04.2015,31,7872,98.0,1.0
2562343,23.04.2015,31,7929,2990.0,1.0
2562369,23.04.2015,31,7712,149.0,1.0
2562386,23.04.2015,31,8092,149.0,1.0
2562413,23.04.2015,31,8322,199.0,1.0
2562528,23.04.2015,31,10453,449.0,2.0
2562538,23.04.2015,31,10476,479.0,1.0
2562552,23.04.2015,31,10438,749.0,1.0
2562630,23.04.2015,31,10515,169.0,1.0
2562664,23.04.2015,31,10726,399.0,1.0
2562689,23.04.2015,31,10237,299.0,1.0
2562701,23.04.2015,31,9986,199.0,1.0
2562715,23.04.2015,31,9995,749.0,1.0
2562717,23.04.2015,31,10224,299.0,1.0
2562796,23.04.2015,31,10378,149.0,1.0
2562890,23.04.2015,31,5814,1199.0,1.0
2562896,23.04.2015,31,5336,299.0,1.0
2562970,23.04.2015,31,5643,2990.0,1.0
2563028,23.04.2015,31,4884,299.0,1.0
2563061,23.04.2015,31,4892,971.0,1.0
2563066,23.04.2015,31,4894,3999.0,3.0
2563136,23.04.2015,31,5361,28.0,1.0
2563169,23.04.2015,31,4895,3999.0,1.0
2563201,23.04.2015,31,6994,2999.0,1.0
2563215,23.04.2015,31,6763,586.99,1.0
2563232,23.04.2015,31,7018,971.0,1.0
2563257,23.04.2015,31,6286,299.0,1.0
2563306,23.04.2015,31,7433,299.0,1.0
2563319,23.04.2015,31,7741,293.01,1.0
2563341,23.04.2015,31,7096,498.0,1.0
2563374,23.04.2015,31,6507,1471.0,1.0
2563404,23.04.2015,31,6156,99.0,1.0
2563454,23.04.2015,31,5672,3090.0,1.0
2563468,23.04.2015,31,6501,480.32,1.0
2563511,23.04.2015,31,6247,399.0,1.0
2563513,23.04.2015,31,6238,299.0,1.0
2563531,23.04.2015,31,6474,239.68,1.0
2563604,23.04.2015,31,14228,96.365,2.0
2563609,23.04.2015,31,14227,99.0,1.0
2563618,23.04.2015,31,14122,429.0,1.0
2563625,23.04.2015,31,14065,169.0,1.0
2563698,23.04.2015,31,14308,169.0,1.0
2563748,23.04.2015,31,13867,349.0,1.0
2563766,23.04.2015,31,13869,349.0,1.0
2563831,23.04.2015,31,14194,299.0,1.0
2563866,23.04.2015,31,13914,149.0,1.0
2563883,23.04.2015,31,13976,399.0,2.0
2563943,23.04.2015,31,15399,1129.0,1.0
2563945,23.04.2015,31,15398,1129.0,1.0
2563950,23.04.2015,31,15301,999.0,1.0
2564027,23.04.2015,31,16003,1499.0,1.0
2564042,23.04.2015,31,15480,599.0,1.0
2564132,23.04.2015,31,14581,99.0,1.0
2564153,23.04.2015,31,15114,249.0,1.0
2564165,23.04.2015,31,14831,1259.0,2.0
2564169,23.04.2015,31,15240,599.0,2.0
2564178,23.04.2015,31,15238,599.0,1.0
2564247,23.04.2015,31,15212,269.0,1.0
2564320,23.04.2015,31,11904,149.0,1.0
2564324,23.04.2015,31,11899,99.0,1.0
2564404,23.04.2015,31,12193,1171.0,1.0
2564413,23.04.2015,31,11948,79.0,1.0
2564419,23.04.2015,31,12135,399.0,1.0
2564438,23.04.2015,31,11375,249.0,1.0
2564457,23.04.2015,31,11252,449.0,1.0
2564467,23.04.2015,31,11247,349.0,1.0
2564497,23.04.2015,31,11133,199.0,1.0
2564513,23.04.2015,31,11081,169.0,1.0
2564529,23.04.2015,31,11502,79.0,1.0
2564547,23.04.2015,31,11610,399.0,1.0
2564577,23.04.2015,31,11404,399.0,1.0
2564587,23.04.2015,31,11425,349.0,1.0
2564592,23.04.2015,31,8079,399.0,1.0
2564608,23.04.2015,31,12709,399.0,1.0
2564646,23.04.2015,31,12604,629.0,1.0
2564679,23.04.2015,31,13159,299.0,1.0
2564697,23.04.2015,31,12957,199.0,1.0
2564719,23.04.2015,31,13680,399.0,1.0
2564810,23.04.2015,31,12090,399.0,1.0
2564851,23.04.2015,31,12081,399.0,1.0
2564877,23.04.2015,31,13132,249.0,1.0
2564898,23.04.2015,31,12507,449.0,1.0
2564905,23.04.2015,31,12523,449.0,1.0
2564929,23.04.2015,31,12358,149.0,1.0
2565019,23.04.2015,24,10132,199.0,1.0
2565035,23.04.2015,24,10453,449.0,1.0
2565054,23.04.2015,24,13374,299.0,1.0
2565061,23.04.2015,24,13390,299.0,1.0
2565067,23.04.2015,24,13802,499.0,1.0
2565084,23.04.2015,24,9355,349.0,1.0
2565306,23.04.2015,24,22076,28.0,2.0
2565388,23.04.2015,24,20949,5.0,1.0
2565426,23.04.2015,25,1017,349.0,1.0
2565488,23.04.2015,24,16192,239.0,1.0
2565499,23.04.2015,24,16169,299.0,1.0
2565512,23.04.2015,24,15844,349.0,1.0
2565593,23.04.2015,24,20613,1099.0,1.0
2565638,23.04.2015,24,18183,199.0,1.0
2565641,23.04.2015,24,17956,169.0,1.0
2565644,23.04.2015,24,17890,149.0,1.0
2565660,23.04.2015,21,21440,149.0,1.0
2565721,23.04.2015,21,20949,5.0,1.0
2565760,23.04.2015,24,1364,382.99,1.0
2565776,23.04.2015,24,1569,2999.0,1.0
2565777,23.04.2015,24,1568,1971.0,1.0
2565805,23.04.2015,21,22076,28.0,1.0
2565854,23.04.2015,21,18622,169.0,1.0
2566023,23.04.2015,24,4261,287.01,1.0
2566084,23.04.2015,24,4181,1190.0,1.0
2566244,23.04.2015,24,1905,249.0,1.0
2566279,23.04.2015,24,3707,1499.0,1.0
2566359,23.04.2015,25,5380,3490.0,1.0
2566366,23.04.2015,25,5361,28.0,3.0
2566374,23.04.2015,25,5058,1999.0,1.0
2566423,23.04.2015,25,5241,1199.0,2.0
2566431,23.04.2015,25,5272,299.0,1.0
2566481,23.04.2015,25,5836,999.0,1.0
2566490,23.04.2015,25,5820,3199.0,1.0
2566516,23.04.2015,25,5822,1149.0,2.0
2566551,23.04.2015,25,4807,399.0,1.0
2566603,23.04.2015,25,4516,349.0,1.0
2566654,23.04.2015,25,4964,1798.0,1.0
2566691,23.04.2015,25,4894,3999.0,5.0
2566715,23.04.2015,25,6738,971.0,1.0
2566759,23.04.2015,25,6503,1971.0,1.0
2566771,23.04.2015,25,7018,971.0,1.0
2566776,23.04.2015,25,6630,2398.0,1.0
2566859,23.04.2015,25,7267,299.0,1.0
2566880,23.04.2015,25,7232,1290.0,1.0
2566903,23.04.2015,25,5660,1690.0,1.0
2566952,23.04.2015,25,5657,7490.0,1.0
2566967,23.04.2015,25,5915,1999.0,1.0
2566990,23.04.2015,25,6405,299.0,1.0
2566993,23.04.2015,25,6252,299.0,1.0
2567067,23.04.2015,25,2268,2599.0,1.0
2567171,23.04.2015,25,2639,449.0,1.0
2567201,23.04.2015,25,2445,571.0,1.0
2567243,23.04.2015,25,1483,1199.0,1.0
2567264,23.04.2015,25,1544,6999.0,1.0
2567302,23.04.2015,25,1293,349.0,1.0
2567319,23.04.2015,25,1389,1998.0,1.0
2567338,23.04.2015,25,1877,3599.0,1.0
2567400,23.04.2015,25,1847,1199.0,1.0
2567438,23.04.2015,25,3822,499.0,1.0
2567489,23.04.2015,25,3731,1971.0,8.0
2567567,23.04.2015,25,4247,1999.0,1.0
2567602,23.04.2015,25,2969,28.0,4.0
2567630,23.04.2015,25,2872,999.0,1.0
2567635,23.04.2015,25,2869,999.0,1.0
2567687,23.04.2015,25,3332,599.0,1.0
2567690,23.04.2015,25,3464,2999.0,1.0
2567702,23.04.2015,25,3348,2999.0,1.0
2567774,23.04.2015,22,10454,759.0,2.0
2567777,23.04.2015,22,10453,449.0,1.0
2567905,23.04.2015,22,11575,99.0,1.0
2567911,23.04.2015,22,11611,699.0,1.0
2567980,23.04.2015,22,5361,28.0,1.0
2567990,23.04.2015,22,4999,1899.0,1.0
2568055,23.04.2015,22,8731,149.0,1.0
2568146,23.04.2015,22,17717,474.0,2.0
2568242,23.04.2015,22,19346,400.0,1.0
2568244,23.04.2015,22,19305,999.0,1.0
2568264,23.04.2015,22,18571,899.0,1.0
2568273,23.04.2015,22,18570,399.0,1.0
2568278,23.04.2015,22,19337,350.0,1.0
2568281,23.04.2015,22,18572,629.0,1.0
2568299,23.04.2015,22,13387,299.0,2.0
2568308,23.04.2015,22,13696,899.0,1.0
2568335,23.04.2015,22,12604,629.0,1.0
2568411,23.04.2015,22,15989,499.0,1.0
2568417,23.04.2015,22,15066,771.0,1.0
2568429,23.04.2015,22,14362,1399.0,1.0
2568501,23.04.2015,19,19689,1199.0,1.0
2568516,23.04.2015,19,17987,99.0,1.0
2568524,23.04.2015,19,17989,99.0,1.0
2568528,23.04.2015,19,18834,149.0,1.0
2568529,23.04.2015,19,18831,149.0,1.0
2568544,23.04.2015,19,18571,999.0,1.0
2568615,23.04.2015,19,20883,899.0,1.0
2568616,23.04.2015,19,20949,5.0,5.0
2568636,23.04.2015,19,17785,169.0,1.0
2568687,23.04.2015,19,14755,99.0,1.0
2568697,23.04.2015,19,15066,791.0,1.0
2568769,23.04.2015,19,16722,799.0,1.0
2568772,23.04.2015,19,15681,449.0,1.0
2568802,23.04.2015,19,16493,399.0,1.0
2568806,23.04.2015,19,16459,299.0,1.0
2568837,23.04.2015,22,3731,1999.0,1.0
2568881,23.04.2015,22,3007,1990.0,1.0
2568972,23.04.2015,22,4181,1190.0,3.0
2568990,23.04.2015,22,486,300.0,2.0
2569016,23.04.2015,22,784,240.0,1.0
2569024,23.04.2015,22,496,4600.0,1.0
2569029,23.04.2015,22,687,600.0,1.0
2569050,23.04.2015,19,22076,28.0,1.0
2569062,23.04.2015,22,472,399.0,1.0
2569090,23.04.2015,22,1544,6971.0,1.0
2569139,23.04.2015,22,795,3300.0,1.0
2569161,23.04.2015,22,839,3300.0,2.0
2569162,23.04.2015,21,17387,449.0,1.0
2569252,23.04.2015,21,12513,499.0,1.0
2569253,23.04.2015,21,12512,449.0,1.0
2569279,23.04.2015,21,12551,199.0,1.0
2569286,23.04.2015,21,12549,199.0,1.0
2569292,23.04.2015,21,12550,199.0,1.0
2569387,23.04.2015,21,7894,2290.0,1.0
2569391,23.04.2015,21,7927,2990.0,1.0
2569413,23.04.2015,21,7928,2990.0,1.0
2569427,23.04.2015,21,10649,899.0,1.0
2569526,23.04.2015,21,16038,299.0,1.0
2569549,23.04.2015,21,16135,449.0,1.0
2569611,23.04.2015,21,16858,198.0,1.0
2569663,23.04.2015,21,16211,449.0,1.0
2569774,23.04.2015,21,13505,1199.0,1.0
2569797,23.04.2015,21,14822,1259.0,1.0
2569865,23.04.2015,21,7815,6890.0,1.0
2569923,23.04.2015,21,1914,249.0,1.0
2569929,23.04.2015,21,1753,299.0,1.0
2569942,23.04.2015,21,2284,2999.0,1.0
2569978,23.04.2015,21,3734,3399.0,1.0
2569988,23.04.2015,21,3731,1971.0,3.0
2570005,23.04.2015,21,3072,3499.0,1.0
2570010,23.04.2015,21,2969,28.0,1.0
2570035,23.04.2015,21,3221,484.99,1.0
2570046,23.04.2015,22,21485,329.0,1.0
2570072,23.04.2015,22,22076,28.0,1.0
2570110,23.04.2015,22,20949,5.0,6.0
2570178,23.04.2015,22,22167,299.0,1.0
2570285,23.04.2015,21,5672,3090.0,1.0
2570304,23.04.2015,21,7233,599.0,1.0
2570344,23.04.2015,21,7780,484.01,1.0
2570395,23.04.2015,21,4870,1299.0,1.0
2570409,23.04.2015,21,4728,249.0,1.0
2570416,23.04.2015,21,4894,3999.0,2.0
2570426,23.04.2015,21,4892,971.0,1.0
2570443,23.04.2015,21,3967,299.0,1.0
2570496,23.04.2015,21,5361,28.0,3.0
2570509,23.04.2015,21,5489,2349.0,1.0
2570540,23.04.2015,21,4895,3999.0,1.0
2570553,23.04.2015,21,5036,1199.0,1.0
2570571,23.04.2015,26,17717,4185.5,2.0
2570613,23.04.2015,26,15705,699.0,1.0
2570614,23.04.2015,26,15702,149.0,1.0
2570615,23.04.2015,26,15698,99.0,1.0
2570736,23.04.2015,26,18572,699.0,1.0
2570863,23.04.2015,26,16091,299.0,1.0
2570972,23.04.2015,27,1824,26.75,1.0
2570974,23.04.2015,27,1830,571.625,2.0
2571135,23.04.2015,26,22076,28.0,2.0
2571172,23.04.2015,26,21447,149.0,1.0
2571215,23.04.2015,27,1547,5599.0,1.0
2571305,23.04.2015,26,4186,1990.0,1.0
2571306,23.04.2015,26,4181,1190.0,1.0
2571335,23.04.2015,26,3731,1971.0,5.0
2571394,23.04.2015,26,5361,28.0,3.0
2571399,23.04.2015,26,4895,3999.0,1.0
2571426,23.04.2015,26,4894,3999.0,1.0
2571442,23.04.2015,26,3234,486.35,1.0
2571495,23.04.2015,26,839,3300.0,1.0
2571553,23.04.2015,26,2969,28.0,1.0
2571650,23.04.2015,26,10454,799.0,1.0
2571654,23.04.2015,26,10453,404.0,1.0
2571700,23.04.2015,26,9065,149.0,1.0
2571701,23.04.2015,26,9070,79.0,1.0
2571702,23.04.2015,26,9068,79.0,1.0
2571774,23.04.2015,26,11663,249.0,1.0
2571776,23.04.2015,26,11611,699.0,1.0
2571944,23.04.2015,26,6628,682.65,1.0
2571989,23.04.2015,27,9407,349.0,1.0
2572000,23.04.2015,27,9394,299.0,1.0
2572112,23.04.2015,27,9532,399.0,1.0
2572179,23.04.2015,27,7790,771.0,1.0
2572297,23.04.2015,27,7893,2890.0,1.0
2572321,23.04.2015,27,13619,299.0,1.0
2572323,23.04.2015,27,12967,199.0,1.0
2572351,23.04.2015,27,13699,599.0,1.0
2572391,23.04.2015,27,13518,1499.0,1.0
2572608,23.04.2015,27,13174,349.0,1.0
2572633,23.04.2015,27,12020,399.0,1.0
2572692,23.04.2015,27,3891,349.0,1.0
2572735,23.04.2015,27,3731,1976.6,5.0
2572831,23.04.2015,27,4351,399.0,1.0
2572855,23.04.2015,27,2969,28.0,3.0
2572891,23.04.2015,27,2868,999.0,1.0
2572965,23.04.2015,27,3343,2599.0,1.0
2573058,23.04.2015,27,5671,3490.0,1.0
2573207,23.04.2015,27,4894,3999.0,2.0
2573218,23.04.2015,27,4895,3999.0,1.0
2573258,23.04.2015,27,4808,399.0,1.0
2573367,23.04.2015,27,5361,28.0,3.0
2573449,23.04.2015,25,13085,349.0,1.0
2573507,23.04.2015,25,12604,664.0,2.0
2573546,23.04.2015,25,13387,299.0,1.0
2573650,23.04.2015,25,12233,399.0,1.0
2573665,23.04.2015,25,12082,999.0,1.0
2573701,23.04.2015,25,12020,399.0,1.0
2573860,23.04.2015,25,14437,349.0,1.0
2573863,23.04.2015,25,15031,390.0,1.0
2573916,23.04.2015,25,12935,399.0,1.0
2573939,23.04.2015,25,13665,1199.0,1.0
2573954,23.04.2015,25,13515,2490.0,1.0
2573982,23.04.2015,25,13573,349.0,1.0
2574017,23.04.2015,25,13803,799.0,1.0
2574032,23.04.2015,25,13701,899.0,1.0
2574036,23.04.2015,25,13697,899.0,1.0
2574145,23.04.2015,25,8845,224.34,1.0
2574193,23.04.2015,25,10225,249.0,1.0
2574281,23.04.2015,25,7936,3490.0,1.0
2574300,23.04.2015,25,7839,1799.0,1.0
2574352,23.04.2015,25,8550,799.0,1.0
2574378,23.04.2015,25,8672,169.0,1.0
2574423,23.04.2015,25,14755,99.0,1.0
2574432,23.04.2015,25,11141,249.0,1.0
2574452,23.04.2015,25,11243,99.0,1.0
2574500,23.04.2015,25,11341,249.0,1.0
2574511,23.04.2015,25,11252,449.0,2.0
2574570,23.04.2015,25,11253,799.0,2.0
2574659,23.04.2015,25,9873,199.0,1.0
2574676,23.04.2015,25,10071,799.0,1.0
2574699,23.04.2015,25,10498,999.0,1.0
2574721,23.04.2015,25,10772,249.0,1.0
2574737,23.04.2015,25,10453,449.0,1.0
2574754,23.04.2015,25,10454,799.0,1.0
2574782,23.04.2015,25,19494,199.0,1.0
2574812,23.04.2015,25,19578,249.0,-1.0
2574832,23.04.2015,25,19051,599.0,1.0
2574835,23.04.2015,25,19046,349.0,1.0
2574837,23.04.2015,25,19037,349.0,1.0
2574911,23.04.2015,25,20005,249.0,1.0
2574927,23.04.2015,25,19885,299.0,1.0
2574961,23.04.2015,25,18183,199.0,1.0
2574983,23.04.2015,25,18333,299.0,1.0
2575037,23.04.2015,25,20367,1899.0,1.0
2575050,23.04.2015,25,18672,449.0,1.0
2575091,23.04.2015,25,18513,249.0,1.0
2575121,23.04.2015,25,18571,999.0,1.0
2575139,23.04.2015,25,21440,149.0,1.0
2575150,23.04.2015,25,21698,449.0,1.0
2575174,23.04.2015,25,21381,1499.0,1.0
2575182,23.04.2015,25,21367,699.0,1.0
2575229,23.04.2015,25,22016,149.31,1.0
2575258,23.04.2015,25,22076,28.0,5.0
2575296,23.04.2015,25,21860,449.0,1.0
2575298,23.04.2015,25,21855,449.0,1.0
2575302,23.04.2015,25,21366,1599.0,1.0
2575309,23.04.2015,25,20613,1099.0,1.0
2575347,23.04.2015,25,20413,1899.0,1.0
2575349,23.04.2015,25,20409,2499.0,1.0
2575350,23.04.2015,25,20408,1899.0,1.0
2575415,23.04.2015,25,21365,999.0,1.0
2575463,23.04.2015,25,20951,999.0,1.0
2575473,23.04.2015,25,20949,5.0,18.0
2575485,23.04.2015,25,16091,299.0,1.0
2575522,23.04.2015,25,16006,359.0,1.0
2575525,23.04.2015,25,16004,749.0,1.0
2575527,23.04.2015,25,16003,1499.0,1.0
2575550,23.04.2015,25,16038,299.0,1.0
2575557,23.04.2015,25,16034,499.0,1.0
2575561,23.04.2015,25,16030,229.0,1.0
2575562,23.04.2015,25,16037,299.0,1.0
2575580,23.04.2015,25,16205,359.0,1.0
2575601,23.04.2015,25,16263,999.0,1.0
2575651,23.04.2015,25,15857,1499.0,1.0
2575691,23.04.2015,25,15238,599.0,1.0
2575781,23.04.2015,25,15484,1099.0,1.0
2575858,23.04.2015,25,17654,3800.0,1.0
2575877,23.04.2015,25,16729,149.0,1.0
2575891,23.04.2015,25,16722,799.0,1.0
2575901,23.04.2015,25,16946,199.0,1.0
2575931,23.04.2015,25,17388,799.0,2.0
2575976,23.04.2015,25,17279,224.35,1.0
2576072,23.04.2015,25,15778,169.0,1.0
2576098,23.04.2015,25,16825,3999.0,1.0
2576158,23.04.2015,25,16487,399.0,1.0
2576204,23.04.2015,56,1880,2999.0,1.0
2576238,23.04.2015,56,3077,1199.0,1.0
2576282,23.04.2015,55,21803,149.0,1.0
2576285,23.04.2015,55,22166,150.0,1.0
2576366,23.04.2015,56,5361,28.0,1.0
2576448,23.04.2015,56,3731,1971.0,2.0
2576568,23.04.2015,55,12192,1999.0,1.0
2576616,23.04.2015,55,11272,499.0,1.0
2576626,23.04.2015,55,10194,499.0,1.0
2576686,23.04.2015,55,10205,1079.0,3.0
2576708,23.04.2015,55,15144,127.0,1.0
2576742,23.04.2015,55,15065,799.0,1.0
2576775,23.04.2015,55,16380,127.0,1.0
2576806,23.04.2015,55,13342,150.0,2.0
2576873,23.04.2015,55,13359,150.0,1.0
2576882,23.04.2015,56,15578,1699.0,1.0
2576923,23.04.2015,56,15785,399.0,1.0
2576939,23.04.2015,56,17622,349.0,1.0
2576996,23.04.2015,56,13802,499.0,1.0
2577118,23.04.2015,56,20949,5.0,3.0
2577176,23.04.2015,56,17388,799.0,1.0
2577224,23.04.2015,56,18453,99.0,1.0
2577231,23.04.2015,56,13701,899.0,1.0
2577256,23.04.2015,56,8283,49.0,1.0
2577301,23.04.2015,56,9056,199.0,1.0
2577323,23.04.2015,56,6507,1479.0,2.0
2577328,23.04.2015,56,6503,1983.0,1.0
2577411,23.04.2015,56,12082,999.0,1.0
2577562,23.04.2015,56,11377,399.0,1.0
2577759,23.04.2015,55,797,250.0,1.0
2577863,23.04.2015,55,492,600.0,3.0
2577879,23.04.2015,55,163,129.0,1.0
2577880,23.04.2015,55,196,129.0,1.0
2577881,23.04.2015,55,271,129.0,1.0
2577892,23.04.2015,55,536,1700.0,2.0
2578203,23.04.2015,54,12212,3999.0,-1.0
2578283,23.04.2015,55,1365,279.0,1.0
2578288,23.04.2015,55,5759,799.0,1.0
2578313,23.04.2015,55,5370,2829.0,1.0
2578365,23.04.2015,55,6385,125.0,2.0
2578375,23.04.2015,55,4851,5772.0,1.0
2578420,23.04.2015,55,4903,249.0,1.0
2578431,23.04.2015,55,4971,199.0,2.0
2578477,23.04.2015,55,7967,999.0,1.0
2578494,23.04.2015,55,7966,2599.0,1.0
2578518,23.04.2015,55,9126,50.0,1.0
2578586,23.04.2015,55,6955,399.0,1.0
2578610,23.04.2015,55,7841,799.0,3.0
2578656,23.04.2015,55,2943,99.0,1.0
2578718,23.04.2015,55,3135,2535.0,1.0
2578751,23.04.2015,55,1559,1799.0,1.0
2578759,23.04.2015,55,1588,599.0,1.0
2578852,23.04.2015,55,3730,1999.0,48.0
2578910,23.04.2015,55,3720,279.0,3.0
2578916,23.04.2015,55,3721,559.0,2.0
2578967,23.04.2015,55,3722,2799.0,2.0
2578972,23.04.2015,55,3724,165.0,1.0
2578976,23.04.2015,55,3725,1429.0,1.0
2579003,23.04.2015,57,15817,399.0,1.0
2579021,23.04.2015,57,15746,599.0,1.0
2579048,23.04.2015,57,16825,3999.0,1.0
2579103,23.04.2015,57,16003,1499.0,1.0
2579105,23.04.2015,57,16004,749.0,1.0
2579127,23.04.2015,57,15585,149.0,1.0
2579300,23.04.2015,57,17388,799.0,1.0
2579314,23.04.2015,57,17717,1429.0,1.0
2579431,23.04.2015,57,12083,699.0,1.0
2579461,23.04.2015,57,12081,399.0,2.0
2579562,23.04.2015,57,15240,599.0,1.0
2579582,23.04.2015,57,14822,1259.0,1.0
2579584,23.04.2015,57,14831,1259.0,1.0
2579590,23.04.2015,57,14844,339.0,2.0
2579615,23.04.2015,57,14227,99.0,1.0
2579616,23.04.2015,57,14228,99.0,1.0
2579716,23.04.2015,58,1307,349.0,1.0
2579749,23.04.2015,58,2252,399.0,1.0
2579780,23.04.2015,57,21881,299.0,1.0
2579792,23.04.2015,57,22076,28.0,1.0
2579883,23.04.2015,58,3708,899.0,1.0
2579929,23.04.2015,58,3851,1199.0,1.0
2579969,23.04.2015,58,2918,999.0,1.0
2579972,23.04.2015,58,2853,999.0,1.0
2579997,23.04.2015,58,3158,1290.0,1.0
2580019,23.04.2015,58,2959,899.0,1.0
2580066,23.04.2015,57,19436,788.07,1.0
2580204,23.04.2015,57,18834,149.0,1.0
2580346,23.04.2015,57,20949,5.0,1.0
2580374,23.04.2015,57,20831,1899.0,1.0
2580385,23.04.2015,57,20269,169.0,1.0
2580401,23.04.2015,57,4181,1190.0,2.0
2580408,23.04.2015,57,4178,1590.0,2.0
2580538,23.04.2015,57,3967,299.0,1.0
2580553,23.04.2015,57,3731,1971.0,1.0
2580562,23.04.2015,57,3234,480.48,1.0
2580571,23.04.2015,57,5361,28.0,2.0
2580580,23.04.2015,57,5380,3490.0,1.0
2580601,23.04.2015,57,5233,1199.0,1.0
2580689,23.04.2015,57,4382,149.0,1.0
2580731,23.04.2015,57,4872,1199.0,1.0
2580757,23.04.2015,57,1307,349.0,1.0
2580774,23.04.2015,57,1384,287.52,1.0
2580783,23.04.2015,57,1916,245.59,1.0
2580799,23.04.2015,57,1753,299.0,1.0
2580806,23.04.2015,57,1876,2599.0,1.0
2580864,23.04.2015,56,21365,999.0,1.0
2580902,23.04.2015,56,22076,28.0,5.0
2580920,23.04.2015,57,2969,28.0,1.0
2581043,23.04.2015,57,2307,1299.0,1.0
2581078,23.04.2015,57,2738,698.0,1.0
2581267,23.04.2015,57,11914,799.0,1.0
2581312,23.04.2015,57,12020,399.0,2.0
2581354,23.04.2015,57,11147,2999.0,1.0
2581391,23.04.2015,57,11141,249.0,1.0
2581425,23.04.2015,57,11404,399.0,1.0
2581489,23.04.2015,57,7087,985.34,1.0
2581579,23.04.2015,57,6236,299.0,1.0
2581587,23.04.2015,57,6436,971.0,1.0
2581733,23.04.2015,57,7337,299.0,1.0
2581811,23.04.2015,49,1290,279.0,1.0
2581818,23.04.2015,48,22076,28.0,2.0
2581827,23.04.2015,49,486,300.0,1.0
2581857,23.04.2015,49,2862,999.0,1.0
2581962,23.04.2015,48,20949,5.0,4.0
2582184,23.04.2015,48,13880,199.0,1.0
2582208,23.04.2015,48,13889,199.0,1.0
2582218,23.04.2015,48,14227,99.0,1.0
2582223,23.04.2015,48,14041,69.0,1.0
2582230,23.04.2015,48,9550,198.0,1.0
2582270,23.04.2015,48,9355,349.0,1.0
2582315,23.04.2015,48,15214,1699.0,1.0
2582429,23.04.2015,48,15257,1199.0,1.0
2582494,23.04.2015,50,5361,28.0,1.0
2582522,23.04.2015,50,4962,380.56,1.0
2582541,23.04.2015,50,6234,299.0,1.0
2582548,23.04.2015,50,6503,1983.0,1.0
2582554,23.04.2015,50,6507,1479.0,2.0
2582568,23.04.2015,50,5551,399.0,1.0
2582578,23.04.2015,50,4894,3999.0,1.0
2582585,23.04.2015,50,3731,1971.0,1.0
2582626,23.04.2015,50,4615,449.0,1.0
2582658,23.04.2015,50,4360,2199.0,1.0
2582668,23.04.2015,50,6308,299.0,1.0
2582744,23.04.2015,50,12020,399.0,1.0
2582771,23.04.2015,50,8322,199.0,1.0
2582786,23.04.2015,50,6847,299.0,1.0
2582796,23.04.2015,50,7328,249.0,1.0
2582872,23.04.2015,49,16159,799.0,1.0
2582891,23.04.2015,49,19774,999.0,1.0
2582996,23.04.2015,49,15280,1099.0,1.0
2583000,23.04.2015,49,14228,99.0,1.0
2583038,23.04.2015,50,2407,142.12,1.0
2583046,23.04.2015,50,1916,249.0,1.0
2583059,23.04.2015,50,2070,55.32,1.0
2583073,23.04.2015,50,2969,28.0,2.0
2583098,23.04.2015,50,2862,999.0,1.0
2583105,23.04.2015,50,3072,3499.0,1.0
2583113,23.04.2015,49,20949,5.0,1.0
2583238,23.04.2015,47,13696,899.0,1.0
2583283,23.04.2015,47,11252,449.0,1.0
2583312,23.04.2015,47,10979,99.0,1.0
2583424,23.04.2015,47,17064,169.0,1.0
2583425,23.04.2015,47,17065,169.0,1.0
2583426,23.04.2015,47,17066,169.0,1.0
2583432,23.04.2015,47,17063,169.0,1.0
2583539,23.04.2015,47,15856,899.0,1.0
2583558,23.04.2015,47,6156,99.0,1.0
2583667,23.04.2015,47,5361,28.0,2.0
2583741,23.04.2015,47,8570,499.0,1.0
2583769,23.04.2015,47,9894,349.0,1.0
2583785,23.04.2015,47,10216,149.0,1.0
2583961,23.04.2015,48,4892,989.67,1.0
2583972,23.04.2015,48,4610,349.0,1.0
2583974,23.04.2015,48,4870,1299.0,1.0
2584002,23.04.2015,48,2969,28.0,3.0
2584031,23.04.2015,48,3675,1299.0,1.0
2584043,23.04.2015,48,3731,1972.866,5.0
2584048,23.04.2015,48,3497,498.0,1.0
2584055,23.04.2015,48,3460,1771.0,1.0
2584114,23.04.2015,48,7337,299.0,1.0
2584153,23.04.2015,48,7879,3490.0,1.0
2584163,23.04.2015,48,5485,349.0,1.0
2584183,23.04.2015,48,5240,771.0,1.0
2584197,23.04.2015,48,5361,28.0,3.0
2584212,23.04.2015,48,6027,299.0,1.0
2584231,23.04.2015,48,5659,699.0,1.0
2584241,23.04.2015,48,5672,3090.0,1.0
2584278,23.04.2015,47,20093,399.0,1.0
2584335,23.04.2015,47,18030,299.0,1.0
2584340,23.04.2015,47,18042,299.0,1.0
2584341,23.04.2015,47,18048,299.0,1.0
2584364,23.04.2015,47,17717,2177.66666667,3.0
2584422,23.04.2015,47,20949,5.0,6.0
2584445,23.04.2015,48,1495,499.0,1.0
2584502,23.04.2015,48,2416,671.0,1.0
2584549,23.04.2015,47,21364,399.0,1.0
2584573,23.04.2015,48,971,349.0,1.0
2584592,23.04.2015,47,22076,28.0,4.0
2584631,23.04.2015,53,3731,1971.0,1.0
2584728,23.04.2015,53,2969,28.0,3.0
2584763,23.04.2015,53,3076,1199.0,1.0
2584828,23.04.2015,53,7003,299.0,1.0
2584845,23.04.2015,53,6503,1971.0,1.0
2584869,23.04.2015,53,4895,3999.0,1.0
2584885,23.04.2015,53,4872,1199.0,1.0
2584894,23.04.2015,53,4892,971.0,1.0
2584916,23.04.2015,53,5820,3199.0,1.0
2585015,23.04.2015,52,19787,149.0,1.0
2585032,23.04.2015,52,19885,299.0,1.0
2585040,23.04.2015,52,16677,499.0,1.0
2585062,23.04.2015,52,16210,359.0,1.0
2585070,23.04.2015,52,15783,299.0,1.0
2585139,23.04.2015,53,1881,3999.0,1.0
2585211,23.04.2015,53,983,149.0,1.0
2585247,23.04.2015,52,20949,5.0,2.0
2585257,23.04.2015,53,482,3300.0,1.0
2585288,23.04.2015,52,22076,28.0,2.0
2585307,23.04.2015,53,20268,169.0,1.0
2585354,23.04.2015,53,21404,169.0,1.0
2585374,23.04.2015,53,20949,5.0,1.0
2585664,23.04.2015,53,11208,699.0,1.0
2585672,23.04.2015,53,10148,249.0,1.0
2585692,23.04.2015,53,11454,49.0,1.0
2585735,23.04.2015,53,10083,49.0,1.0
2585758,23.04.2015,53,7650,149.0,1.0
2585795,23.04.2015,53,9894,349.0,1.0
2585873,23.04.2015,53,15571,199.0,1.0
2585980,23.04.2015,53,13723,229.0,1.0
2586011,23.04.2015,51,9405,171.0,1.0
2586044,23.04.2015,51,10083,48.0,1.0
2586055,23.04.2015,51,11252,290.0,1.0
2586068,23.04.2015,51,10132,114.0,1.0
2586069,23.04.2015,51,10148,150.0,1.0
2586106,23.04.2015,51,4896,6719.0,2.0
2586142,23.04.2015,51,6247,299.0,1.0
2586161,23.04.2015,51,5361,27.0,1.0
2586229,23.04.2015,51,18832,48.0,1.0
2586272,23.04.2015,51,12878,75.0,1.0
2586276,23.04.2015,51,12964,114.0,1.0
2586277,23.04.2015,51,13606,167.0,1.0
2586283,23.04.2015,51,12955,115.0,1.0
2586341,23.04.2015,51,13889,114.0,1.0
2586349,23.04.2015,51,13881,428.0,1.0
2586483,23.04.2015,50,14308,169.0,1.0
2586488,23.04.2015,50,15286,1519.0,1.0
2586511,23.04.2015,50,15045,699.0,1.0
2586532,23.04.2015,51,2470,190.0,1.0
2586582,23.04.2015,51,3731,1643.88,1.0
2586635,23.04.2015,50,20949,5.0,1.0
2586638,23.04.2015,50,19161,349.0,1.0
2586661,23.04.2015,50,21404,169.0,1.0
2586670,23.04.2015,50,22076,28.0,1.0
2586676,23.04.2015,51,64,75.0,1.0
2586782,23.04.2015,52,10518,399.0,1.0
2586784,23.04.2015,52,10855,299.0,1.0
2586794,23.04.2015,52,7497,449.0,1.0
2586809,23.04.2015,52,7655,299.0,1.0
2586820,23.04.2015,52,6738,971.0,1.0
2586835,23.04.2015,52,8635,149.0,1.0
2586838,23.04.2015,52,8656,169.0,1.0
2586843,23.04.2015,52,8625,199.0,1.0
2586855,23.04.2015,52,8624,149.0,1.0
2586865,23.04.2015,52,8615,299.0,1.0
2586868,23.04.2015,52,8366,549.0,1.0
2586875,23.04.2015,52,8363,199.0,1.0
2586881,23.04.2015,52,14762,449.0,1.0
2586892,23.04.2015,52,14892,549.0,1.0
2586910,23.04.2015,52,14458,299.0,1.0
2586967,23.04.2015,52,12083,699.0,1.0
2586988,23.04.2015,52,12082,999.0,1.0
2587011,23.04.2015,52,13888,349.0,1.0
2587128,23.04.2015,52,3108,349.0,1.0
2587130,23.04.2015,52,2969,28.0,2.0
2587157,23.04.2015,52,972,349.0,1.0
2587198,23.04.2015,52,1969,3999.0,1.0
2587249,23.04.2015,52,5551,399.0,1.0
2587262,23.04.2015,52,5060,349.0,1.0
2587267,23.04.2015,52,5361,28.0,1.0
2587270,23.04.2015,52,5051,349.0,1.0
2587335,23.04.2015,52,4107,349.0,1.0
2587346,23.04.2015,52,3731,1971.0,1.0
2587367,23.04.2015,52,4894,3999.0,1.0
2587451,23.04.2015,44,14258,299.0,1.0
2587470,23.04.2015,44,14446,169.0,1.0
2587499,23.04.2015,44,17387,449.0,1.0
2587506,23.04.2015,44,17279,243.0,1.0
2587535,23.04.2015,44,16898,812.0,1.0
2587589,23.04.2015,44,9985,299.0,1.0
2587594,23.04.2015,44,10216,149.0,1.0
2587675,23.04.2015,44,12459,243.0,1.0
2587773,23.04.2015,45,3731,1971.0,4.0
2587836,23.04.2015,45,2969,28.0,3.0
2587967,23.04.2015,44,20949,5.0,1.0
2588004,23.04.2015,44,19797,399.0,1.0
2588033,23.04.2015,45,1389,1998.0,1.0
2588064,23.04.2015,44,22076,28.0,2.0
2588078,23.04.2015,44,21404,169.0,1.0
2588088,23.04.2015,44,22104,249.0,2.0
2588107,23.04.2015,41,12549,199.0,1.0
2588108,23.04.2015,41,12491,199.0,1.0
2588178,23.04.2015,41,12194,487.34,1.0
2588319,23.04.2015,41,5361,28.0,2.0
2588364,23.04.2015,41,4806,99.0,2.0
2588411,23.04.2015,41,5900,682.66,1.0
2588474,23.04.2015,44,4102,349.0,1.0
2588488,23.04.2015,44,4892,971.0,1.0
2588503,23.04.2015,44,3731,1971.0,2.0
2588577,23.04.2015,44,6507,1471.0,1.0
2588593,23.04.2015,44,5361,28.0,2.0
2588621,23.04.2015,44,5837,499.0,1.0
2588853,23.04.2015,46,6766,284.02,1.0
2588870,23.04.2015,46,6728,999.0,1.0
2588891,23.04.2015,46,7003,284.98,1.0
2588931,23.04.2015,46,10454,719.0,1.0
2588952,23.04.2015,46,8550,799.0,1.0
2589007,23.04.2015,46,5459,349.0,1.0
2589019,23.04.2015,46,5361,28.0,2.0
2589026,23.04.2015,46,4896,7999.0,1.0
2589067,23.04.2015,46,4894,3999.0,1.0
2589135,23.04.2015,46,5901,1799.0,1.0
2589189,23.04.2015,46,16784,571.0,1.0
2589269,23.04.2015,46,18344,199.0,1.0
2589380,23.04.2015,46,11610,399.0,1.0
2589386,23.04.2015,46,11611,699.0,1.0
2589429,23.04.2015,46,14261,99.0,1.0
2589453,23.04.2015,46,15045,699.0,1.0
2589463,23.04.2015,46,12604,664.0,2.0
2589569,23.04.2015,45,13695,899.0,1.0
2589602,23.04.2015,45,19118,699.0,1.0
2589617,23.04.2015,45,19804,299.0,1.0
2589623,23.04.2015,45,20613,1099.0,1.0
2589716,23.04.2015,45,9532,399.0,1.0
2589776,23.04.2015,45,12021,899.0,1.0
2589852,23.04.2015,45,11404,399.0,1.0
2589853,23.04.2015,45,11253,799.0,1.0
2589889,23.04.2015,46,3334,599.0,1.0
2589919,23.04.2015,46,2734,699.0,1.0
2589926,23.04.2015,46,2969,28.0,1.0
2589974,23.04.2015,46,4557,399.0,1.0
2589987,23.04.2015,46,4354,1798.0,1.0
2589995,23.04.2015,46,3731,1991.0,7.0
2590028,23.04.2015,46,3734,3399.0,1.0
2590055,23.04.2015,45,22076,28.0,1.0
2590085,23.04.2015,45,20949,5.0,2.0
2590147,23.04.2015,46,2708,298.0,1.0
2590154,23.04.2015,46,2270,1699.0,1.0
2590371,23.04.2015,37,18260,199.0,1.0
2590383,23.04.2015,37,18181,199.0,1.0
2590573,23.04.2015,38,2919,1199.0,1.0
2590579,23.04.2015,38,2969,28.0,4.0
2590582,23.04.2015,38,3027,2999.0,1.0
2590643,23.04.2015,38,2607,299.0,1.0
2590664,23.04.2015,38,3731,1971.0,7.0
2590673,23.04.2015,38,4233,899.0,1.0
2590721,23.04.2015,38,3707,1499.0,1.0
2590791,23.04.2015,37,20606,1099.0,1.0
2590804,23.04.2015,37,20949,5.0,1.0
2590830,23.04.2015,38,1905,249.0,1.0
2590863,23.04.2015,38,2035,3499.0,1.0
2590899,23.04.2015,38,1453,498.0,1.0
2590911,23.04.2015,37,6057,299.0,1.0
2590921,23.04.2015,35,19806,349.0,1.0
2590949,23.04.2015,35,20220,799.0,1.0
2590961,23.04.2015,35,18571,999.0,2.0
2591002,23.04.2015,35,21363,3199.0,1.0
2591077,23.04.2015,35,20949,5.0,1.0
2591178,23.04.2015,35,17717,1999.0,3.0
2591200,23.04.2015,35,17811,169.0,1.0
2591230,23.04.2015,35,15778,169.0,1.0
2591415,23.04.2015,37,5036,1199.0,1.0
2591431,23.04.2015,37,5039,2599.0,1.0
2591457,23.04.2015,37,1876,2599.0,1.0
2591514,23.04.2015,37,1329,499.0,1.0
2591538,23.04.2015,37,3077,1199.0,1.0
2591669,23.04.2015,39,5272,299.0,1.0
2591691,23.04.2015,39,5821,1099.0,1.0
2591698,23.04.2015,39,5822,1149.0,2.0
2591768,23.04.2015,39,10697,400.0,1.0
2591780,23.04.2015,39,10094,499.0,1.0
2591786,23.04.2015,39,10132,199.0,1.0
2591793,23.04.2015,39,2308,199.0,1.0
2591815,23.04.2015,39,2813,1471.0,1.0
2591846,23.04.2015,38,22076,28.0,1.0
2591876,23.04.2015,39,2969,28.0,1.0
2591883,23.04.2015,39,4806,99.0,2.0
2592026,23.04.2015,39,20949,5.0,1.0
2592084,23.04.2015,41,3731,1985.0,2.0
2592111,23.04.2015,41,2269,571.0,1.0
2592128,23.04.2015,41,2969,28.0,1.0
2592196,23.04.2015,39,13505,1199.0,1.0
2592201,23.04.2015,39,12604,699.0,1.0
2592212,23.04.2015,39,14407,249.0,1.0
2592226,23.04.2015,39,15681,499.0,1.0
2592275,23.04.2015,39,17224,199.0,1.0
2592291,23.04.2015,39,18572,699.0,1.0
2592311,23.04.2015,39,17717,1999.0,1.0
2592333,23.04.2015,38,6847,299.0,1.0
2592334,23.04.2015,38,6993,2199.0,1.0
2592368,23.04.2015,38,6183,1999.0,1.0
2592398,23.04.2015,38,6457,671.0,1.0
2592406,23.04.2015,38,9894,349.0,1.0
2592468,23.04.2015,38,8455,2490.0,1.0
2592512,23.04.2015,38,4894,3999.0,1.0
2592513,23.04.2015,38,4906,1999.0,1.0
2592551,23.04.2015,38,4338,2899.0,1.0
2592573,23.04.2015,38,4494,2398.0,1.0
2592661,23.04.2015,38,5361,28.0,3.0
2592771,23.04.2015,38,20949,5.0,2.0
2592794,23.04.2015,38,21562,199.0,1.0
2592806,23.04.2015,38,20610,1099.0,2.0
2592828,23.04.2015,38,20611,2249.0,1.0
2592837,23.04.2015,38,20614,1099.0,1.0
2592857,23.04.2015,38,13205,299.0,1.0
2592893,23.04.2015,38,11921,549.0,1.0
2592910,23.04.2015,38,12421,249.0,1.0
2593011,23.04.2015,38,14892,599.0,2.0
2593055,23.04.2015,59,17717,1999.0,1.0
2593101,23.04.2015,59,18572,699.0,1.0
2593134,23.04.2015,59,14436,169.0,1.0
2593258,23.04.2015,47,4892,971.0,1.0
2593374,23.04.2015,59,6507,1471.0,1.0
2593440,23.04.2015,59,7336,349.0,1.0
2593472,23.04.2015,59,4896,7999.0,1.0
2593482,23.04.2015,59,4806,99.0,1.0
2593533,23.04.2015,59,5361,28.0,1.0
2593639,23.04.2015,59,9399,299.0,1.0
2593798,23.04.2015,42,21363,3199.0,1.0
2593803,23.04.2015,42,21719,99.0,1.0
2593894,23.04.2015,42,20475,1679.3,1.0
2593900,23.04.2015,42,20404,1678.7,1.0
2593914,23.04.2015,42,20519,1399.0,1.0
2593946,23.04.2015,42,20093,399.0,1.0
2594052,23.04.2015,42,20951,999.0,1.0
2594060,23.04.2015,42,20949,5.0,14.0
2594095,23.04.2015,47,3731,1971.0,3.0
2594153,23.04.2015,47,3446,2999.0,1.0
2594200,23.04.2015,47,4244,1299.0,2.0
2594207,23.04.2015,47,3634,1599.0,1.0
2594218,23.04.2015,47,3733,4499.0,1.0
2594366,23.04.2015,47,2969,28.0,2.0
2594408,23.04.2015,47,2574,449.0,1.0
2594411,23.04.2015,47,2766,149.0,1.0
2594440,23.04.2015,58,10942,199.0,1.0
2594486,23.04.2015,58,11207,399.0,1.0
2594567,23.04.2015,58,10660,1299.0,1.0
2594568,23.04.2015,58,10661,1499.0,1.0
2594651,23.04.2015,58,14501,99.0,1.0
2594721,23.04.2015,58,12021,899.0,1.0
2594795,23.04.2015,58,4894,3999.0,2.0
2594930,23.04.2015,58,4808,399.0,1.0
2594966,23.04.2015,58,7308,349.0,1.0
2594970,23.04.2015,58,6728,999.0,1.0
2595058,23.04.2015,58,5674,499.0,1.0
2595119,23.04.2015,58,14627,199.0,1.0
2595131,23.04.2015,58,21850,99.0,1.0
2595151,23.04.2015,58,21876,149.0,1.0
2595174,23.04.2015,58,22164,699.0,1.0
2595261,23.04.2015,58,21400,99.0,1.0
2595279,23.04.2015,58,21364,399.0,1.0
2595291,23.04.2015,58,21377,169.0,1.0
2595552,23.04.2015,58,16825,3999.0,1.0
2595727,23.04.2015,58,20055,399.0,1.0
2595768,23.04.2015,58,17416,99.0,1.0
2595801,23.04.2015,58,18520,199.0,1.0
2595836,23.04.2015,42,5823,2799.0,1.0
2595857,23.04.2015,42,5828,549.0,1.0
2595936,23.04.2015,42,5672,3090.0,2.0
2595959,23.04.2015,42,5900,699.0,1.0
2596028,23.04.2015,42,4551,299.0,1.0
2596036,23.04.2015,42,4615,449.0,1.0
2596057,23.04.2015,42,4102,349.0,1.0
2596096,23.04.2015,42,4996,1799.0,1.0
2596131,23.04.2015,42,4894,3999.0,2.0
2596145,23.04.2015,42,4892,999.0,2.0
2596170,23.04.2015,42,4896,7999.0,2.0
2596224,23.04.2015,42,7807,2999.0,1.0
2596275,23.04.2015,42,8569,399.0,1.0
2596336,23.04.2015,42,8672,169.0,1.0
2596365,23.04.2015,42,6420,1399.0,1.0
2596398,23.04.2015,42,6108,98.0,1.0
2596418,23.04.2015,42,6252,299.0,2.0
2596429,23.04.2015,42,6128,2499.0,1.0
2596481,23.04.2015,42,6710,599.0,1.0
2596521,23.04.2015,42,6993,2199.0,1.0
2596531,23.04.2015,42,1414,698.0,1.0
2596575,23.04.2015,42,806,249.0,1.0
2596596,23.04.2015,42,1204,299.0,1.0
2596674,23.04.2015,42,1547,5599.0,1.0
2596768,23.04.2015,46,19794,149.0,1.0
2596788,23.04.2015,42,77,149.0,1.0
2596851,23.04.2015,46,22076,28.0,1.0
2596862,23.04.2015,46,21367,699.0,1.0
2596915,23.04.2015,42,3500,1299.0,1.0
2596918,23.04.2015,42,3394,1299.0,1.0
2596951,23.04.2015,42,3072,3499.0,1.0
2596967,23.04.2015,42,3943,699.0,1.0
2597000,23.04.2015,42,4050,2499.0,1.0
2597009,23.04.2015,42,3731,1999.0,4.0
2597100,23.04.2015,42,1971,4499.0,1.0
2597134,23.04.2015,42,2035,3499.0,1.0
2597230,23.04.2015,42,15552,1785.3,1.0
2597300,23.04.2015,42,15302,889.0,1.0
2597305,23.04.2015,42,15395,649.0,1.0
2597331,23.04.2015,42,16360,799.0,1.0
2597359,23.04.2015,42,15681,499.0,1.0
2597392,23.04.2015,42,15746,599.0,1.0
2597435,23.04.2015,42,14437,349.0,1.0
2597497,23.04.2015,42,14810,79.0,1.0
2597501,23.04.2015,42,14787,169.0,1.0
2597511,23.04.2015,42,14842,199.0,2.0
2597519,23.04.2015,42,14892,599.0,1.0
2597526,23.04.2015,42,14847,199.0,1.0
2597567,23.04.2015,42,15093,899.0,2.0
2597578,23.04.2015,42,18760,169.0,1.0
2597604,23.04.2015,42,19003,99.0,1.0
2597660,23.04.2015,42,18570,399.0,2.0
2597717,23.04.2015,42,19118,699.0,2.0
2597745,23.04.2015,42,19161,349.0,1.0
2597788,23.04.2015,42,17714,850.0,1.0
2597806,23.04.2015,42,16700,499.0,1.0
2597808,23.04.2015,42,16677,445.66,1.0
2597818,23.04.2015,42,16733,199.0,1.0
2597819,23.04.2015,42,16955,149.0,1.0
2597822,23.04.2015,42,16953,99.0,1.0
2597830,23.04.2015,42,16897,499.0,1.0
2597889,23.04.2015,42,17387,449.0,2.0
2597944,23.04.2015,42,10928,199.0,1.0
2597952,23.04.2015,42,11252,449.0,1.0
2597961,23.04.2015,42,11250,248.0,1.0
2597981,23.04.2015,42,10477,1599.0,1.0
2598000,23.04.2015,42,10814,169.0,1.0
2598027,23.04.2015,42,11611,699.0,1.0
2598035,23.04.2015,42,11610,399.0,1.0
2598076,23.04.2015,42,11253,799.0,3.0
2598088,23.04.2015,42,11528,699.0,1.0
2598090,23.04.2015,42,8065,399.0,1.0
2598091,23.04.2015,42,11460,99.0,1.0
2598095,23.04.2015,42,11413,399.0,1.0
2598100,23.04.2015,42,11454,49.0,1.0
2598104,23.04.2015,42,10216,149.0,1.0
2598123,23.04.2015,42,9509,267.04,1.0
2598130,23.04.2015,42,9873,199.0,1.0
2598200,23.04.2015,42,10659,999.0,1.0
2598217,23.04.2015,42,10454,719.0,2.0
2598221,23.04.2015,42,10453,449.0,1.0
2598236,23.04.2015,42,10093,399.0,2.0
2598275,23.04.2015,42,10094,449.0,2.0
2598304,23.04.2015,42,13616,299.0,1.0
2598342,23.04.2015,42,13627,349.0,1.0
2598394,23.04.2015,42,13976,399.0,1.0
2598413,23.04.2015,42,13722,229.0,1.0
2598416,23.04.2015,42,13720,229.0,1.0
2598477,23.04.2015,42,12052,299.0,1.0
2598510,23.04.2015,42,11914,799.0,1.0
2598566,23.04.2015,42,12604,629.0,2.0
2598607,23.04.2015,42,12083,699.0,1.0
2598673,23.04.2015,6,13976,399.0,1.0
2598727,23.04.2015,6,16055,599.0,1.0
2598848,23.04.2015,6,12020,399.0,1.0
2598859,23.04.2015,6,11252,449.0,1.0
2598886,23.04.2015,6,11610,399.0,1.0
2598936,23.04.2015,6,13159,299.0,1.0
2598950,23.04.2015,6,12028,99.0,1.0
2598964,23.04.2015,6,12459,200.0,1.0
2598978,23.04.2015,6,12090,399.0,1.0
2599002,23.04.2015,6,21364,399.0,1.0
2599011,23.04.2015,6,21698,449.0,1.0
2599019,23.04.2015,6,21414,199.0,1.0
2599052,23.04.2015,6,21342,1349.0,1.0
2599059,23.04.2015,6,20949,5.0,3.0
2599086,23.04.2015,7,1307,349.0,1.0
2599105,23.04.2015,7,1523,799.0,1.0
2599132,23.04.2015,6,22076,28.0,1.0
2599142,23.04.2015,7,1204,299.0,1.0
2599157,23.04.2015,7,32,149.0,1.0
2599167,23.04.2015,6,17641,249.0,1.0
2599185,23.04.2015,6,17233,249.0,1.0
2599190,23.04.2015,6,17717,599.0,1.0
2599212,23.04.2015,6,15817,399.0,1.0
2599223,23.04.2015,6,15680,399.0,1.0
2599241,23.04.2015,6,16553,149.0,1.0
2599245,23.04.2015,6,16788,2099.0,1.0
2599292,23.04.2015,6,19176,499.0,1.0
2599305,23.04.2015,6,17892,199.0,1.0
2599319,23.04.2015,6,18571,899.0,1.0
2599406,23.04.2015,6,3731,1971.0,7.0
2599440,23.04.2015,6,4894,3999.0,2.0
2599498,23.04.2015,6,4892,985.0,2.0
2599545,23.04.2015,6,2753,285.0,2.0
2599567,23.04.2015,6,1892,498.0,1.0
2599614,23.04.2015,6,3221,499.0,1.0
2599634,23.04.2015,6,3333,1999.0,1.0
2599661,23.04.2015,6,2818,2999.0,1.0
2599680,23.04.2015,6,2969,28.0,6.0
2599693,23.04.2015,6,2778,99.0,1.0
2599694,23.04.2015,6,5361,28.0,3.0
2599750,23.04.2015,6,7791,2599.0,1.0
2599766,23.04.2015,6,8436,249.0,1.0
2599777,23.04.2015,6,7856,771.0,1.0
2599782,23.04.2015,6,9398,299.0,1.0
2599799,23.04.2015,6,10660,1299.0,1.0
2599839,23.04.2015,6,9554,199.0,1.0
2599841,23.04.2015,6,9468,399.0,1.0
2599843,23.04.2015,6,9056,199.0,1.0
2599851,23.04.2015,6,9894,349.0,1.0
2599891,23.04.2015,6,5830,549.0,1.0
2599902,23.04.2015,6,5669,3490.0,1.0
2600104,23.04.2015,7,19602,169.0,1.0
2600184,23.04.2015,10,1307,210.0,1.0
2600193,23.04.2015,7,21760,299.0,1.0
2600207,23.04.2015,10,1077,315.0,1.0
2600241,23.04.2015,7,16182,1499.0,1.0
2600262,23.04.2015,7,16787,1599.0,1.0
2600280,23.04.2015,7,15238,599.0,1.0
2600329,23.04.2015,7,18334,199.0,1.0
2600330,23.04.2015,7,18320,199.0,1.0
2600402,23.04.2015,7,17717,1999.0,3.0
2600409,23.04.2015,10,12604,435.0,1.0
2600440,23.04.2015,10,13721,157.0,1.0
2600453,23.04.2015,10,10454,530.0,1.0
2600457,23.04.2015,10,10071,530.0,1.0
2600487,23.04.2015,10,11436,115.0,1.0
2600512,23.04.2015,10,16145,500.0,1.0
2600523,23.04.2015,10,19116,260.0,1.0
2600530,23.04.2015,10,18572,435.0,1.0
2600554,23.04.2015,10,14307,475.0,1.0
2600557,23.04.2015,10,14143,435.0,1.0
2600560,23.04.2015,10,14892,426.0,1.0
2600582,23.04.2015,10,14101,330.0,1.0
2600701,23.04.2015,10,8012,190.0,1.0
2600706,23.04.2015,10,7894,1994.0,1.0
2600727,23.04.2015,10,5336,190.0,1.0
2600737,23.04.2015,10,5361,27.0,1.0
2600803,23.04.2015,7,4892,971.0,1.0
2600854,23.04.2015,7,5551,399.0,2.0
2600873,23.04.2015,7,5657,7490.0,1.0
2600912,23.04.2015,7,4907,1999.0,1.0
2600926,23.04.2015,7,5336,299.0,2.0
2600935,23.04.2015,7,5361,28.0,3.0
2600940,23.04.2015,7,4233,899.0,1.0
2600973,23.04.2015,7,2956,498.0,1.0
2600977,23.04.2015,7,2946,449.0,1.0
2601068,23.04.2015,7,3641,299.0,1.0
2601093,23.04.2015,7,3424,1199.0,1.0
2601109,23.04.2015,7,3331,780.33,1.0
2601118,23.04.2015,7,6185,499.0,1.0
2601142,23.04.2015,7,13460,1099.0,1.0
2601196,23.04.2015,7,12135,389.67,1.0
2601256,23.04.2015,7,13619,299.0,1.0
2601276,23.04.2015,7,13888,349.0,1.0
2601285,23.04.2015,7,13817,149.0,1.0
2601302,23.04.2015,7,7308,349.0,1.0
2601327,23.04.2015,7,7507,199.0,1.0
2601416,23.04.2015,7,10454,719.0,1.0
2601568,23.04.2015,3,11404,399.0,1.0
2601578,23.04.2015,3,10340,149.0,1.0
2601579,23.04.2015,3,10337,169.0,1.0
2601580,23.04.2015,3,10331,169.0,1.0
2601582,23.04.2015,3,10325,169.0,1.0
2601626,23.04.2015,3,8451,999.0,1.0
2601641,23.04.2015,3,8863,249.0,1.0
2601687,23.04.2015,3,3731,1971.0,2.0
2601712,23.04.2015,3,2819,2198.0,1.0
2601713,23.04.2015,3,2813,1485.0,1.0
2601753,23.04.2015,3,4894,3999.0,1.0
2601825,23.04.2015,3,4493,671.0,1.0
2601849,23.04.2015,4,1740,349.0,1.0
2601871,23.04.2015,4,1730,349.0,1.0
2601884,23.04.2015,4,1495,499.0,1.0
2601896,23.04.2015,4,1969,3999.0,1.0
2601911,23.04.2015,4,1858,1199.0,-1.0
2601934,23.04.2015,4,3731,1771.0,3.0
2602005,23.04.2015,3,2808,1485.0,1.0
2602022,23.04.2015,3,15481,1099.0,1.0
2602038,23.04.2015,3,16788,2099.0,1.0
2602132,23.04.2015,3,22076,28.0,4.0
2602179,23.04.2015,3,19985,399.0,1.0
2602190,23.04.2015,2,5063,1549.0,1.0
2602192,23.04.2015,2,5035,1199.0,1.0
2602254,23.04.2015,2,4894,3999.0,1.0
2602328,23.04.2015,2,6459,699.0,1.0
2602340,23.04.2015,2,7805,498.0,1.0
2602351,23.04.2015,2,7055,1199.0,1.0
2602453,23.04.2015,2,3731,1999.0,2.0
2602467,23.04.2015,2,3675,1299.0,1.0
2602544,23.04.2015,2,20949,5.0,4.0
2602695,23.04.2015,3,1570,2999.0,1.0
2602748,23.04.2015,2,15045,699.0,1.0
2602753,23.04.2015,2,14430,169.0,1.0
2602813,23.04.2015,2,16984,699.0,1.0
2602839,23.04.2015,2,18030,299.0,1.0
2602857,23.04.2015,2,15302,889.0,1.0
2602858,23.04.2015,2,15298,1259.0,1.0
2602866,23.04.2015,2,15238,599.0,1.0
2602871,23.04.2015,2,15856,899.0,1.0
2602941,23.04.2015,5,10379,149.0,1.0
2602961,23.04.2015,5,10439,169.0,1.0
2603075,23.04.2015,5,5821,1099.0,1.0
2603251,23.04.2015,5,14430,169.0,1.0
2603297,23.04.2015,5,19244,299.0,1.0
2603403,23.04.2015,5,22076,28.0,1.0
2603404,23.04.2015,6,77,149.0,1.0
2603409,23.04.2015,6,983,149.0,1.0
2603413,23.04.2015,6,968,198.0,1.0
2603419,23.04.2015,6,829,3300.0,1.0
2603459,23.04.2015,5,16315,949.0,1.0
2603469,23.04.2015,5,16210,359.0,1.0
2603485,23.04.2015,5,15066,771.0,1.0
2603487,23.04.2015,5,15045,699.0,1.0
2603491,23.04.2015,5,14436,169.0,1.0
2603496,23.04.2015,5,15856,899.0,1.0
2603562,23.04.2015,5,18040,299.0,1.0
2603652,23.04.2015,4,11208,699.0,1.0
2603685,23.04.2015,4,11610,399.0,1.0
2603768,23.04.2015,4,14308,169.0,1.0
2603792,23.04.2015,4,5361,28.0,2.0
2603801,23.04.2015,4,5270,1199.0,1.0
2603806,23.04.2015,4,5822,1149.0,1.0
2603821,23.04.2015,4,5900,671.0,1.0
2603841,23.04.2015,4,4806,99.0,1.0
2603884,23.04.2015,4,7872,98.0,1.0
2603905,23.04.2015,4,9532,399.0,1.0
2603927,23.04.2015,4,6490,499.0,1.0
2603934,23.04.2015,4,6185,499.0,1.0
2603990,23.04.2015,5,2816,2399.0,1.0
2604025,23.04.2015,5,1232,2999.0,1.0
2604043,23.04.2015,5,1877,3599.0,1.0
2604096,23.04.2015,5,3251,58.0,1.0
2604256,23.04.2015,4,22076,28.0,3.0
2604361,23.04.2015,16,22076,28.0,1.0
2604390,23.04.2015,16,21670,399.0,1.0
2604443,23.04.2015,18,2252,399.0,1.0
2604448,23.04.2015,18,1969,3999.0,1.0
2604552,23.04.2015,16,14836,339.0,1.0
2604555,23.04.2015,16,14823,1259.0,1.0
2604688,23.04.2015,18,4894,3999.0,1.0
2604712,23.04.2015,18,4963,1799.0,1.0
2604721,23.04.2015,18,4493,682.65,1.0
2604738,23.04.2015,18,4806,99.0,1.0
2604759,23.04.2015,18,5361,28.0,2.0
2604829,23.04.2015,18,5552,299.0,1.0
2604846,23.04.2015,18,5822,1149.0,2.0
2604929,23.04.2015,18,2861,1799.0,1.0
2605000,23.04.2015,18,3326,99.0,1.0
2605011,23.04.2015,18,3731,1971.0,1.0
2605032,23.04.2015,16,3342,2999.0,1.0
2605056,23.04.2015,16,3731,1671.0,1.0
2605147,23.04.2015,16,4892,971.0,1.0
2605161,23.04.2015,16,4424,299.0,1.0
2605193,23.04.2015,16,4351,399.0,1.0
2605242,23.04.2015,16,839,3300.0,1.0
2605252,23.04.2015,15,20953,999.0,1.0
2605257,23.04.2015,15,20949,5.0,1.0
2605268,23.04.2015,15,20265,169.0,1.0
2605384,23.04.2015,16,4894,3999.0,1.0
2605385,23.04.2015,16,11404,399.0,1.0
2605388,23.04.2015,16,11252,449.0,1.0
2605401,23.04.2015,16,10453,449.0,1.0
2605439,23.04.2015,16,8573,399.0,1.0
2605487,23.04.2015,16,12860,99.0,1.0
2605591,23.04.2015,16,5661,399.0,1.0
2605603,23.04.2015,16,5657,7490.0,1.0
2605617,23.04.2015,16,4896,7999.0,1.0
2605643,23.04.2015,16,5361,28.0,1.0
2605679,23.04.2015,16,7894,2290.0,1.0
2605700,23.04.2015,16,6051,399.0,1.0
2605762,23.04.2015,19,5821,1099.0,1.0
2605796,23.04.2015,19,4894,3999.0,1.0
2605811,23.04.2015,19,5361,28.0,5.0
2605885,23.04.2015,19,5900,671.0,1.0
2605907,23.04.2015,19,5962,699.0,1.0
2605937,23.04.2015,19,3327,149.0,1.0
2605940,23.04.2015,19,3731,1971.88888889,9.0
2605980,23.04.2015,19,2921,449.0,1.0
2605982,23.04.2015,19,2969,28.0,4.0
2606075,23.04.2015,19,4233,899.0,1.0
2606143,23.04.2015,19,11904,149.0,1.0
2606144,23.04.2015,19,11899,99.0,1.0
2606173,23.04.2015,19,12135,399.0,1.0
2606207,23.04.2015,10,19874,1010.0,1.0
2606256,23.04.2015,19,13803,799.0,1.0
2606282,23.04.2015,19,8571,299.0,1.0
2606308,23.04.2015,19,8570,499.0,1.0
2606322,23.04.2015,19,7207,199.0,1.0
2606338,23.04.2015,19,7741,299.0,1.0
2606362,23.04.2015,19,9395,299.0,1.0
2606394,23.04.2015,19,8065,399.0,2.0
2606416,23.04.2015,19,9554,199.0,1.0
2606445,23.04.2015,19,10094,499.0,1.0
2606472,23.04.2015,18,12707,599.0,1.0
2606476,23.04.2015,18,13675,1249.0,1.0
2606501,23.04.2015,18,11925,549.0,1.0
2606502,23.04.2015,18,11922,549.0,1.0
2606516,23.04.2015,18,11927,599.0,1.0
2606533,23.04.2015,18,12020,399.0,1.0
2606544,23.04.2015,18,16032,499.0,1.0
2606574,23.04.2015,18,16287,199.0,1.0
2606576,23.04.2015,18,16264,999.0,1.0
2606579,23.04.2015,18,16240,1199.0,1.0
2606646,23.04.2015,18,7257,299.0,1.0
2606668,23.04.2015,18,7805,486.35,1.0
2606778,23.04.2015,18,8183,698.0,1.0
2606814,23.04.2015,19,1307,349.0,1.0
2606821,23.04.2015,19,1239,349.0,1.0
2607040,23.04.2015,18,16826,4999.0,1.0
2607079,23.04.2015,18,20949,5.0,2.0
2607137,23.04.2015,18,20220,799.0,1.0
2607204,23.04.2015,12,15571,199.0,1.0
2607251,23.04.2015,12,18571,999.0,1.0
2607253,23.04.2015,12,18555,199.0,1.0
2607264,23.04.2015,12,17891,299.0,1.0
2607271,23.04.2015,12,18572,699.0,1.0
2607276,23.04.2015,12,19043,199.0,1.0
2607280,23.04.2015,12,18885,299.0,1.0
2607300,23.04.2015,12,17022,6749.0,1.0
2607305,23.04.2015,12,16733,199.0,1.0
2607311,23.04.2015,12,16326,299.0,1.0
2607313,23.04.2015,12,16748,79.0,1.0
2607321,23.04.2015,12,17458,499.0,1.0
2607340,23.04.2015,12,12527,449.0,1.0
2607341,23.04.2015,12,12523,449.0,1.0
2607342,23.04.2015,12,12514,449.0,1.0
2607344,23.04.2015,12,12485,199.0,1.0
2607345,23.04.2015,12,12472,199.0,1.0
2607347,23.04.2015,12,12360,299.0,1.0
2607348,23.04.2015,12,12528,449.0,1.0
2607360,23.04.2015,12,12541,199.0,1.0
2607361,23.04.2015,12,12543,199.0,1.0
2607363,23.04.2015,12,13370,299.0,1.0
2607370,23.04.2015,12,12542,199.0,1.0
2607377,23.04.2015,12,12552,199.0,1.0
2607378,23.04.2015,12,12551,199.0,1.0
2607379,23.04.2015,12,12550,199.0,1.0
2607381,23.04.2015,12,12052,299.0,1.0
2607400,23.04.2015,12,11875,299.0,1.0
2607437,23.04.2015,12,13903,199.0,1.0
2607461,23.04.2015,12,14500,199.0,1.0
2607468,23.04.2015,12,14102,749.0,1.0
2607472,23.04.2015,12,13708,899.0,1.0
2607481,23.04.2015,12,12747,58.0,1.0
2607496,23.04.2015,12,13700,899.0,1.0
2607502,23.04.2015,12,13644,999.0,1.0
2607506,23.04.2015,12,12889,199.0,1.0
2607509,23.04.2015,12,12797,199.0,1.0
2607544,23.04.2015,14,3731,1971.0,7.0
2607559,23.04.2015,14,2969,28.0,1.0
2607599,23.04.2015,14,2578,349.0,1.0
2607622,23.04.2015,14,4516,349.0,1.0
2607638,23.04.2015,14,4894,3999.0,2.0
2607708,23.04.2015,12,20606,1099.0,1.0
2607742,23.04.2015,12,19825,299.0,1.0
2607743,23.04.2015,12,19778,299.0,1.0
2607747,23.04.2015,12,19647,198.0,1.0
2607749,23.04.2015,12,19614,99.0,1.0
2607750,23.04.2015,12,19220,249.0,1.0
2607761,23.04.2015,12,20090,498.0,1.0
2607801,23.04.2015,14,1249,299.0,1.0
2607833,23.04.2015,12,21672,499.0,1.0
2607839,23.04.2015,12,21485,329.0,1.0
2607850,23.04.2015,12,21968,949.0,1.0
2607882,23.04.2015,12,2550,299.0,1.0
2607894,23.04.2015,12,2607,299.0,1.0
2607911,23.04.2015,12,2809,1499.0,1.0
2607958,23.04.2015,12,1740,349.0,1.0
2607975,23.04.2015,12,3862,139.0,1.0
2608033,23.04.2015,12,3731,1906.75,8.0
2608078,23.04.2015,12,486,300.0,1.0
2608116,23.04.2015,10,20949,4.0,1.0
2608120,23.04.2015,10,21669,95.0,1.0
2608143,23.04.2015,12,1545,7499.0,1.0
2608151,23.04.2015,12,1544,6999.0,1.0
2608176,23.04.2015,12,1547,5599.0,1.0
2608206,23.04.2015,12,1391,1398.0,1.0
2608213,23.04.2015,12,1201,299.0,1.0
2608222,23.04.2015,12,965,299.0,1.0
2608223,23.04.2015,12,839,3300.0,1.0
2608228,23.04.2015,12,4607,349.0,1.0
2608240,23.04.2015,12,10132,199.0,1.0
2608241,23.04.2015,12,10131,199.0,1.0
2608244,23.04.2015,12,9874,299.0,1.0
2608245,23.04.2015,12,9863,299.0,1.0
2608247,23.04.2015,12,10160,199.0,1.0
2608248,23.04.2015,12,9793,1199.0,1.0
2608259,23.04.2015,12,10455,99.0,1.0
2608305,23.04.2015,12,9424,449.0,1.0
2608310,23.04.2015,12,9409,349.0,1.0
2608317,23.04.2015,12,11365,631.25,4.0
2608328,23.04.2015,12,11372,500.0,2.0
2608345,23.04.2015,12,8065,399.0,1.0
2608355,23.04.2015,12,11373,154.875,8.0
2608362,23.04.2015,12,11370,327.5,8.0
2608392,23.04.2015,12,11369,331.428571429,7.0
2608417,23.04.2015,12,5500,1999.0,1.0
2608421,23.04.2015,12,5331,299.0,1.0
2608435,23.04.2015,12,6007,349.0,1.0
2608436,23.04.2015,12,5962,699.0,1.0
2608445,23.04.2015,12,5657,7490.0,1.0
2608461,23.04.2015,12,4877,139.0,1.0
2608468,23.04.2015,12,4610,349.0,1.0
2608470,23.04.2015,12,4894,3679.5,2.0
2608485,23.04.2015,12,4896,7999.0,1.0
2608494,23.04.2015,12,6162,699.0,1.0
2608533,23.04.2015,12,8357,199.0,1.0
2608578,23.04.2015,12,6834,299.0,1.0
2608594,23.04.2015,15,7087,971.0,1.0
2608605,23.04.2015,15,7805,498.0,1.0
2608613,23.04.2015,15,7893,2890.0,1.0
2608694,23.04.2015,15,10337,169.0,1.0
2608703,23.04.2015,15,10334,149.0,1.0
2608738,23.04.2015,15,8815,129.0,1.0
2608798,23.04.2015,15,5242,1999.0,1.0
2608847,23.04.2015,15,5361,28.0,1.0
2608858,23.04.2015,15,5664,2190.0,1.0
2608903,23.04.2015,15,5821,1099.0,2.0
2608919,23.04.2015,15,5823,2799.0,2.0
2608980,23.04.2015,15,17717,2275.66666667,3.0
2608987,23.04.2015,15,16065,499.0,1.0
2608996,23.04.2015,15,15450,999.0,1.0
2609024,23.04.2015,15,15740,199.0,1.0
2609029,23.04.2015,15,20104,249.0,1.0
2609037,23.04.2015,15,20111,399.0,1.0
2609040,23.04.2015,15,19794,149.0,1.0
2609052,23.04.2015,15,20614,1099.0,1.0
2609059,23.04.2015,15,20225,479.0,1.0
2609094,23.04.2015,15,18571,899.0,1.0
2609111,23.04.2015,15,18572,629.0,1.0
2609155,23.04.2015,15,12360,299.0,1.0
2609245,23.04.2015,15,14829,699.0,1.0
2609294,23.04.2015,15,14834,199.0,2.0
2609305,23.04.2015,14,12081,399.0,1.0
2609311,23.04.2015,14,12021,899.0,1.0
2609352,23.04.2015,14,10453,404.0,1.0
2609358,23.04.2015,14,10513,1499.0,1.0
2609360,23.04.2015,14,11575,99.0,1.0
2609362,23.04.2015,14,12020,399.0,1.0
2609375,23.04.2015,14,11655,1999.0,1.0
2609380,23.04.2015,14,11610,399.0,1.0
2609393,23.04.2015,14,17717,1999.0,1.0
2609407,23.04.2015,14,18572,699.0,1.0
2609410,23.04.2015,14,18570,399.0,1.0
2609456,23.04.2015,14,16227,499.0,1.0
2609497,23.04.2015,14,6027,299.0,1.0
2609503,23.04.2015,14,5669,3490.0,1.0
2609539,23.04.2015,14,5361,28.0,5.0
2609570,23.04.2015,14,7928,2990.0,1.0
2609633,23.04.2015,14,7308,349.0,1.0
2609843,23.04.2015,14,20949,5.0,2.0
2609860,23.04.2015,14,21760,299.0,1.0
2609891,23.04.2015,14,19072,99.0,1.0
2609936,23.04.2015,15,1783,399.0,1.0
2609948,23.04.2015,14,22076,28.0,1.0
